[
      {
        "id":1,
        "book_title":"abc",
        "author":"mark",
        "publicationYear":"01/01/2021"
      },
      {
        "id":2,
        "book_title":"asdbc",
        "author":"mathew",
        "publicationYear":"02/02/2021"
      },
      {
        "id":3,
        "book_title":"xyz",
        "author":"loren",
        "publicationYear":"03/03/2021"
      },
      {
        "id":4,
        "book_title":"fygz",
        "author":"lars",
        "publicationYear":"04/04/2021"
      }

    ]
