{
  "books": [
    {
      "id": 1,
      "book_title": "abc",
      "author": "mark",
      "publicationYear": "01/01/2021"
    },
    {
      "id": 2,
      "book_title": "asdbc",
      "author": "mathew",
      "publicationYear": "02/02/2021"
    },
    {
      "id": 3,
      "book_title": "xyz",
      "author": "loren",
      "publicationYear": "03/03/2021"
    },
    {
      "id": 4,
      "book_title": "fygz",
      "author": "lars",
      "publicationYear": "04/04/2021"
    },
    {
      "book_title": "harry potter",
      "author": "idk",
      "id": 5,
      "publicationYear": "2021-10-13"
    },
    {
      "book_title": "qwrew",
      "author": "sda",
      "id": 6,
      "publicationYear": "2021-10-06"
    },
    {
      "book_title": "Rich dad poor dad",
      "author": "Robert",
      "id": 7,
      "publicationYear": "2021-10-15"
    }
  ]
}